Cluster,0,1,2,3,4,5,6,7,8,Observation_Percentage
0,-1.1309199500834795,0.1238160439446912,0.4121276142724571,-0.16035745518944378,0.654005274876376,-0.7783299722107361,0.6217379712505401,-1.2736290072602523,0.6537835447677276,1.2
1,-1.4415845996178607,-0.523696672702313,1.016763042562261,-0.8690290012027809,1.1053032068087831,-1.0689591246523076,1.5570610925581594,-1.387880620460528,1.275736604564291,1.2
